{
  "roc_auc": 0.5494672754946728,
  "accuracy": 0.69,
  "precision": 0.34615384615384615,
  "recall": 0.16666666666666666,
  "f1": 0.225,
  "cv_mean_roc_auc": 0.4862651560325979,
  "cv_std_roc_auc": 0.017374884218864847
}